时间,气温,相对湿度,土壤温度,光合有效辐射
2024-06-01 00:00:00,16.2,75.0,18.6,0.0
2024-06-01 01:00:00,14.0,76.2,17.9,0.0
2024-06-01 02:00:00,14.0,77.6,17.5,0.0
2024-06-01 03:00:00,13.8,79.6,17.0,0.0
2024-06-01 04:00:00,14.2,74.1,16.6,0.0
2024-06-01 05:00:00,14.8,76.7,16.2,0.0
2024-06-01 06:00:00,16.7,76.6,16.3,0.0
2024-06-01 07:00:00,16.4,71.0,16.0,340.8
2024-06-01 08:00:00,20.8,71.7,16.0,734.0
2024-06-01 09:00:00,22.0,68.9,16.3,1101.2
2024-06-01 10:00:00,23.0,67.0,16.7,1254.4
2024-06-01 11:00:00,25.4,63.3,17.1,1442.8
2024-06-01 12:00:00,26.3,63.4,17.5,1504.7
2024-06-01 13:00:00,27.7,62.4,17.9,1495.5
2024-06-01 14:00:00,28.5,61.4,18.8,1195.3
2024-06-01 15:00:00,28.7,62.1,19.1,974.8
2024-06-01 16:00:00,28.5,58.5,19.2,802.9
2024-06-01 17:00:00,27.8,60.0,20.0,425.4
2024-06-01 18:00:00,27.3,61.0,19.7,77.7
2024-06-01 19:00:00,24.7,64.8,20.0,0.0
2024-06-01 20:00:00,23.3,65.2,19.9,0.0
2024-06-01 21:00:00,20.2,67.1,19.9,0.0
2024-06-01 22:00:00,18.5,68.6,19.5,0.0
2024-06-01 23:00:00,16.4,70.9,19.2,0.0
2024-06-02 00:00:00,16.9,73.6,18.8,0.0
2024-06-02 01:00:00,14.5,75.3,18.2,0.0
2024-06-02 02:00:00,13.2,75.8,17.7,0.0
2024-06-02 03:00:00,14.2,77.3,16.9,0.0
2024-06-02 04:00:00,14.2,77.1,16.7,0.0
2024-06-02 05:00:00,14.5,73.8,16.3,0.0
2024-06-02 06:00:00,15.8,70.5,16.1,0.0
2024-06-02 07:00:00,16.5,71.4,16.1,333.3
2024-06-02 08:00:00,19.4,70.1,16.2,718.4
2024-06-02 09:00:00,21.8,67.9,16.3,1079.6
2024-06-02 10:00:00,23.0,66.0,16.8,1241.5
2024-06-02 11:00:00,24.2,63.5,17.2,1509.3
2024-06-02 12:00:00,26.9,61.8,17.4,1457.5
2024-06-02 13:00:00,27.5,61.7,18.1,1499.5
2024-06-02 14:00:00,29.3,62.0,18.8,1305.6
2024-06-02 15:00:00,29.0,59.3,19.0,986.8
2024-06-02 16:00:00,28.2,57.7,19.3,793.6
2024-06-02 17:00:00,27.4,59.5,19.9,556.7
2024-06-02 18:00:00,26.8,63.2,20.2,16.4
2024-06-02 19:00:00,24.5,65.3,20.0,0.0
2024-06-02 20:00:00,23.1,68.2,20.0,0.0
2024-06-02 21:00:00,21.9,69.2,19.9,0.0
2024-06-02 22:00:00,19.0,71.5,19.7,0.0
2024-06-02 23:00:00,17.4,71.3,19.3,0.0
2024-06-03 00:00:00,16.2,75.5,18.7,0.0
2024-06-03 01:00:00,15.4,75.5,18.0,0.0
2024-06-03 02:00:00,14.7,75.0,17.8,0.0
2024-06-03 03:00:00,14.4,78.0,17.5,0.0
2024-06-03 04:00:00,13.6,74.9,17.0,0.0
2024-06-03 05:00:00,15.2,74.5,16.3,0.0
2024-06-03 06:00:00,15.9,70.8,16.2,0.0
2024-06-03 07:00:00,18.4,69.9,16.2,315.5
2024-06-03 08:00:00,19.5,70.4,16.4,771.9
2024-06-03 09:00:00,22.1,67.2,16.3,1186.2
2024-06-03 10:00:00,23.2,60.9,17.1,1368.6
2024-06-03 11:00:00,25.6,62.6,17.3,1341.4
2024-06-03 12:00:00,26.8,61.7,17.6,1654.0
2024-06-03 13:00:00,27.9,59.5,18.2,1421.6
2024-06-03 14:00:00,29.0,60.2,18.9,1324.3
2024-06-03 15:00:00,28.8,60.0,19.2,995.2
2024-06-03 16:00:00,29.0,61.4,19.6,669.2
2024-06-03 17:00:00,27.7,61.3,19.6,338.1
2024-06-03 18:00:00,26.2,61.2,20.0,0.0
2024-06-03 19:00:00,25.7,67.2,20.3,0.0
2024-06-03 20:00:00,23.3,64.9,20.2,0.0
2024-06-03 21:00:00,21.4,69.9,19.7,0.0
2024-06-03 22:00:00,20.7,71.3,19.4,0.0
2024-06-03 23:00:00,16.9,70.7,19.1,0.0
2024-06-04 00:00:00,16.5,74.2,18.6,0.0
2024-06-04 01:00:00,14.9,76.4,18.3,0.0
2024-06-04 02:00:00,14.2,77.3,17.5,0.0
2024-06-04 03:00:00,14.9,77.1,17.4,0.0
2024-06-04 04:00:00,13.8,74.6,16.9,0.0
2024-06-04 05:00:00,15.4,73.4,16.6,0.0
2024-06-04 06:00:00,16.8,74.4,16.2,0.0
2024-06-04 07:00:00,17.4,71.0,16.3,393.3
2024-06-04 08:00:00,20.0,71.6,16.6,653.1
2024-06-04 09:00:00,21.7,69.6,16.5,1037.1
2024-06-04 10:00:00,23.3,68.2,16.8,1410.8
2024-06-04 11:00:00,24.6,67.3,17.1,1484.1
2024-06-04 12:00:00,27.1,61.2,17.9,1635.2
2024-06-04 13:00:00,28.3,60.8,18.6,1472.1
2024-06-04 14:00:00,29.6,62.6,18.7,1350.5
2024-06-04 15:00:00,29.9,58.8,19.3,1044.1
2024-06-04 16:00:00,28.9,57.3,19.6,688.9
2024-06-04 17:00:00,27.9,61.8,20.0,358.4
2024-06-04 18:00:00,26.6,62.9,20.1,1.7
2024-06-04 19:00:00,25.4,65.4,20.1,0.0
2024-06-04 20:00:00,23.5,64.0,20.2,0.0
2024-06-04 21:00:00,21.0,68.5,20.0,0.0
2024-06-04 22:00:00,19.4,71.4,19.3,0.0
2024-06-04 23:00:00,16.6,70.8,19.2,0.0
2024-06-05 00:00:00,16.3,75.2,19.0,0.0
2024-06-05 01:00:00,15.0,76.0,18.2,0.0
2024-06-05 02:00:00,14.6,76.2,17.7,0.0
2024-06-05 03:00:00,14.6,74.2,17.4,0.0
2024-06-05 04:00:00,14.7,78.1,16.8,0.0
2024-06-05 05:00:00,16.6,75.2,16.4,0.0
2024-06-05 06:00:00,16.7,73.2,16.2,42.4
2024-06-05 07:00:00,18.4,70.9,16.2,514.9
2024-06-05 08:00:00,19.3,69.3,16.2,761.8
2024-06-05 09:00:00,22.4,69.8,16.6,1074.5
2024-06-05 10:00:00,23.4,67.2,16.9,1319.6
2024-06-05 11:00:00,25.1,65.3,17.4,1476.2
2024-06-05 12:00:00,27.2,59.0,17.8,1517.7
2024-06-05 13:00:00,28.0,58.6,18.3,1386.4
2024-06-05 14:00:00,30.2,60.6,18.8,1233.5
2024-06-05 15:00:00,29.2,60.7,19.7,1161.1
2024-06-05 16:00:00,29.2,59.1,19.8,659.9
2024-06-05 17:00:00,27.1,60.6,19.9,436.3
2024-06-05 18:00:00,27.0,61.1,20.4,0.0
2024-06-05 19:00:00,25.0,66.1,20.1,0.0
2024-06-05 20:00:00,24.0,65.3,20.3,0.0
2024-06-05 21:00:00,21.5,67.6,20.2,0.0
2024-06-05 22:00:00,20.0,71.4,19.8,0.0
2024-06-05 23:00:00,18.5,70.5,19.3,0.0
2024-06-06 00:00:00,16.7,70.8,19.0,0.0
2024-06-06 01:00:00,14.6,73.2,18.4,0.0
2024-06-06 02:00:00,14.0,76.9,17.8,0.0
2024-06-06 03:00:00,15.5,75.9,17.2,0.0
2024-06-06 04:00:00,14.9,74.1,16.7,0.0
2024-06-06 05:00:00,15.6,74.3,16.1,0.0
2024-06-06 06:00:00,15.3,73.1,16.4,32.1
2024-06-06 07:00:00,17.9,72.2,16.2,364.5
2024-06-06 08:00:00,19.4,68.9,16.4,761.4
2024-06-06 09:00:00,22.5,68.2,16.7,1029.9
2024-06-06 10:00:00,23.6,65.7,17.0,1258.4
2024-06-06 11:00:00,25.7,60.2,17.3,1541.5
2024-06-06 12:00:00,27.2,60.9,17.7,1483.8
2024-06-06 13:00:00,27.8,63.2,18.5,1441.4
2024-06-06 14:00:00,29.0,57.4,18.9,1386.1
2024-06-06 15:00:00,29.6,63.0,19.3,1049.8
2024-06-06 16:00:00,27.9,62.3,19.8,717.9
2024-06-06 17:00:00,29.3,60.6,20.0,502.3
2024-06-06 18:00:00,27.1,62.3,20.1,0.0
2024-06-06 19:00:00,26.5,59.8,20.1,0.0
2024-06-06 20:00:00,23.9,67.5,20.2,0.0
2024-06-06 21:00:00,21.8,69.2,20.2,0.0
2024-06-06 22:00:00,20.5,71.9,19.8,0.0
2024-06-06 23:00:00,17.1,72.5,19.3,0.0
2024-06-07 00:00:00,17.5,74.5,18.9,0.0
2024-06-07 01:00:00,14.6,77.3,18.5,0.0
2024-06-07 02:00:00,13.8,73.6,17.8,0.0
2024-06-07 03:00:00,14.1,75.3,17.4,0.0
2024-06-07 04:00:00,15.2,77.2,17.1,0.0
2024-06-07 05:00:00,15.2,73.5,16.6,0.0
2024-06-07 06:00:00,15.9,75.9,16.4,35.3
2024-06-07 07:00:00,17.3,75.8,16.4,289.8
2024-06-07 08:00:00,19.4,67.8,16.6,913.9
2024-06-07 09:00:00,22.9,67.0,16.7,1045.2
2024-06-07 10:00:00,23.2,67.3,16.9,1302.6
2024-06-07 11:00:00,25.3,65.8,17.5,1420.7
2024-06-07 12:00:00,26.2,62.8,17.9,1525.6
2024-06-07 13:00:00,28.0,62.1,18.2,1425.6
2024-06-07 14:00:00,29.1,60.0,18.9,1278.8
2024-06-07 15:00:00,29.9,59.1,19.3,1057.4
2024-06-07 16:00:00,29.1,58.6,20.0,771.4
2024-06-07 17:00:00,28.7,59.4,20.1,359.0
2024-06-07 18:00:00,27.2,61.3,20.5,0.0
2024-06-07 19:00:00,25.0,64.8,20.2,0.0
2024-06-07 20:00:00,22.9,66.4,20.3,0.0
2024-06-07 21:00:00,22.5,67.2,19.9,0.0
2024-06-07 22:00:00,20.5,71.3,19.8,0.0
2024-06-07 23:00:00,18.9,73.4,19.3,0.0
2024-06-08 00:00:00,16.9,72.2,19.1,0.0
2024-06-08 01:00:00,15.3,73.5,18.4,0.0
2024-06-08 02:00:00,14.0,77.3,17.8,0.0
2024-06-08 03:00:00,14.0,77.5,17.6,0.0
2024-06-08 04:00:00,15.5,75.0,16.9,0.0
2024-06-08 05:00:00,15.3,75.2,16.7,0.0
2024-06-08 06:00:00,16.0,73.4,16.6,53.3
2024-06-08 07:00:00,17.7,73.8,16.6,383.8
2024-06-08 08:00:00,19.8,70.6,16.5,805.1
2024-06-08 09:00:00,22.7,67.6,16.6,1038.7
2024-06-08 10:00:00,24.1,64.5,17.3,1338.4
2024-06-08 11:00:00,26.1,62.8,17.4,1381.0
2024-06-08 12:00:00,27.1,62.5,18.0,1528.5
2024-06-08 13:00:00,28.3,63.3,18.4,1467.0
2024-06-08 14:00:00,28.2,61.6,19.1,1258.6
2024-06-08 15:00:00,30.1,61.3,19.6,1174.0
2024-06-08 16:00:00,29.4,57.7,20.1,755.1
2024-06-08 17:00:00,27.8,63.7,20.1,387.0
2024-06-08 18:00:00,27.3,63.1,20.5,22.6
2024-06-08 19:00:00,24.9,66.2,20.5,0.0
2024-06-08 20:00:00,24.1,66.7,20.3,0.0
2024-06-08 21:00:00,22.3,66.3,20.5,0.0
2024-06-08 22:00:00,20.1,70.0,20.0,0.0
2024-06-08 23:00:00,19.4,70.6,19.4,0.0
2024-06-09 00:00:00,16.7,73.0,18.9,0.0
2024-06-09 01:00:00,15.9,74.5,18.6,0.0
2024-06-09 02:00:00,15.3,79.1,17.9,0.0
2024-06-09 03:00:00,16.2,72.8,17.6,0.0
2024-06-09 04:00:00,14.3,78.0,17.1,0.0
2024-06-09 05:00:00,15.8,74.5,16.8,0.0
2024-06-09 06:00:00,17.3,76.2,16.7,87.2
2024-06-09 07:00:00,18.4,75.8,16.6,391.5
2024-06-09 08:00:00,19.5,69.1,16.5,804.7
2024-06-09 09:00:00,21.9,69.2,17.1,1047.8
2024-06-09 10:00:00,23.5,67.0,17.1,1341.9
2024-06-09 11:00:00,26.2,65.5,17.7,1488.6
2024-06-09 12:00:00,27.5,60.1,18.2,1502.0
2024-06-09 13:00:00,27.8,60.4,18.5,1405.2
2024-06-09 14:00:00,29.6,56.6,19.1,1252.0
2024-06-09 15:00:00,29.8,59.7,19.8,1128.4
2024-06-09 16:00:00,29.1,58.7,20.2,738.1
2024-06-09 17:00:00,28.5,61.8,20.2,341.9
2024-06-09 18:00:00,26.7,62.6,20.5,26.7
2024-06-09 19:00:00,26.6,65.0,20.4,0.0
2024-06-09 20:00:00,23.4,68.0,20.5,0.0
2024-06-09 21:00:00,21.7,67.9,20.3,0.0
2024-06-09 22:00:00,20.3,70.4,20.0,0.0
2024-06-09 23:00:00,17.8,72.5,19.4,0.0
2024-06-10 00:00:00,17.8,75.9,19.0,0.0
2024-06-10 01:00:00,15.9,77.3,18.7,0.0
2024-06-10 02:00:00,14.6,73.8,17.9,0.0
2024-06-10 03:00:00,14.3,79.3,17.3,0.0
2024-06-10 04:00:00,14.7,75.2,17.3,0.0
2024-06-10 05:00:00,15.9,76.8,16.8,0.0
2024-06-10 06:00:00,16.6,74.1,16.7,59.0
2024-06-10 07:00:00,18.0,72.2,16.7,434.4
2024-06-10 08:00:00,20.1,71.9,16.8,769.7
2024-06-10 09:00:00,23.5,70.0,16.9,948.1
2024-06-10 10:00:00,24.1,65.5,17.4,1335.0
2024-06-10 11:00:00,25.6,59.8,17.7,1546.0
2024-06-10 12:00:00,27.6,61.7,18.1,1563.3
2024-06-10 13:00:00,29.1,62.8,18.5,1478.4
2024-06-10 14:00:00,29.4,57.1,19.3,1214.6
2024-06-10 15:00:00,28.5,58.8,19.6,1065.2
2024-06-10 16:00:00,29.6,57.1,19.9,826.9
2024-06-10 17:00:00,28.7,60.2,20.3,354.7
2024-06-10 18:00:00,27.4,62.6,20.8,9.6
2024-06-10 19:00:00,26.2,66.1,20.4,0.0
2024-06-10 20:00:00,24.2,63.9,20.3,0.0
2024-06-10 21:00:00,22.3,66.5,20.1,0.0
2024-06-10 22:00:00,20.4,70.5,20.0,0.0
2024-06-10 23:00:00,18.9,74.6,19.6,0.0
2024-06-11 00:00:00,16.3,70.8,19.7,0.0
2024-06-11 01:00:00,15.4,75.5,18.8,0.0
2024-06-11 02:00:00,15.0,77.7,18.3,0.0
2024-06-11 03:00:00,15.1,76.7,17.6,0.0
2024-06-11 04:00:00,15.4,78.6,17.2,0.0
2024-06-11 05:00:00,16.7,71.4,16.8,0.0
2024-06-11 06:00:00,17.5,74.6,16.6,21.5
2024-06-11 07:00:00,17.1,72.5,16.8,375.8
2024-06-11 08:00:00,19.5,66.5,17.0,819.0
2024-06-11 09:00:00,21.9,67.1,17.0,1101.1
2024-06-11 10:00:00,24.4,65.4,17.3,1300.9
2024-06-11 11:00:00,27.1,62.8,17.7,1348.3
2024-06-11 12:00:00,28.0,61.0,18.2,1564.1
2024-06-11 13:00:00,28.8,61.3,18.6,1515.1
2024-06-11 14:00:00,29.4,61.8,19.1,1279.6
2024-06-11 15:00:00,29.2,60.7,19.8,1097.0
2024-06-11 16:00:00,29.2,60.2,20.1,754.5
2024-06-11 17:00:00,29.6,57.3,20.5,416.9
2024-06-11 18:00:00,27.3,60.5,20.5,0.0
2024-06-11 19:00:00,25.6,66.4,20.9,0.0
2024-06-11 20:00:00,24.3,63.9,20.4,0.0
2024-06-11 21:00:00,23.6,69.4,20.4,0.0
2024-06-11 22:00:00,21.0,69.6,20.0,0.0
2024-06-11 23:00:00,18.2,74.0,19.7,0.0
2024-06-12 00:00:00,16.7,73.3,19.4,0.0
2024-06-12 01:00:00,16.0,73.2,19.0,0.0
2024-06-12 02:00:00,14.9,75.3,18.2,0.0
2024-06-12 03:00:00,14.5,78.3,17.9,0.0
2024-06-12 04:00:00,15.0,76.5,17.5,0.0
2024-06-12 05:00:00,16.3,77.6,16.8,0.0
2024-06-12 06:00:00,17.9,76.3,16.9,35.4
2024-06-12 07:00:00,18.3,69.8,16.9,312.6
2024-06-12 08:00:00,20.6,70.9,16.6,748.3
2024-06-12 09:00:00,22.0,70.8,17.0,992.2
2024-06-12 10:00:00,25.1,62.3,17.5,1273.2
2024-06-12 11:00:00,26.4,63.5,18.0,1567.2
2024-06-12 12:00:00,27.9,64.2,18.1,1408.1
2024-06-12 13:00:00,29.1,61.1,18.7,1429.3
2024-06-12 14:00:00,29.5,59.0,19.1,1319.9
2024-06-12 15:00:00,29.5,60.0,19.6,1074.8
2024-06-12 16:00:00,29.7,62.0,20.3,641.1
2024-06-12 17:00:00,28.7,60.7,20.5,466.9
2024-06-12 18:00:00,27.7,62.0,20.8,104.6
2024-06-12 19:00:00,26.4,62.8,20.7,0.0
2024-06-12 20:00:00,24.6,67.7,20.7,0.0
2024-06-12 21:00:00,22.7,68.2,20.1,0.0
2024-06-12 22:00:00,20.2,68.4,20.0,0.0
2024-06-12 23:00:00,18.2,75.2,19.5,0.0
2024-06-13 00:00:00,16.7,73.7,19.4,0.0
2024-06-13 01:00:00,16.6,74.6,18.5,0.0
2024-06-13 02:00:00,15.7,72.9,18.6,0.0
2024-06-13 03:00:00,14.6,77.2,17.8,0.0
2024-06-13 04:00:00,16.5,76.3,17.5,0.0
2024-06-13 05:00:00,16.1,72.4,17.1,0.0
2024-06-13 06:00:00,17.8,73.1,16.7,4.3
2024-06-13 07:00:00,18.6,73.8,16.8,391.6
2024-06-13 08:00:00,20.3,70.9,16.7,852.5
2024-06-13 09:00:00,22.8,65.9,17.1,1044.8
2024-06-13 10:00:00,24.7,66.3,17.4,1217.8
2024-06-13 11:00:00,26.1,62.7,17.7,1490.9
2024-06-13 12:00:00,28.7,61.9,18.2,1439.8
2024-06-13 13:00:00,29.5,61.3,18.8,1404.1
2024-06-13 14:00:00,29.3,61.4,19.3,1331.5
2024-06-13 15:00:00,29.8,59.9,19.9,995.0
2024-06-13 16:00:00,30.2,59.9,20.2,786.7
2024-06-13 17:00:00,28.6,62.9,20.6,260.0
2024-06-13 18:00:00,27.7,63.0,20.5,0.0
2024-06-13 19:00:00,25.8,64.5,21.0,0.0
2024-06-13 20:00:00,24.7,65.9,21.0,0.0
2024-06-13 21:00:00,22.7,67.0,20.5,0.0
2024-06-13 22:00:00,20.6,71.8,20.3,0.0
2024-06-13 23:00:00,18.3,68.1,19.9,0.0
2024-06-14 00:00:00,16.1,71.9,19.2,0.0
2024-06-14 01:00:00,15.7,75.8,18.9,0.0
2024-06-14 02:00:00,15.8,77.6,18.3,0.0
2024-06-14 03:00:00,14.6,76.0,17.9,0.0
2024-06-14 04:00:00,15.4,76.0,17.5,0.0
2024-06-14 05:00:00,16.2,74.3,16.9,0.0
2024-06-14 06:00:00,17.3,71.9,16.8,21.2
2024-06-14 07:00:00,19.6,72.7,17.1,318.6
2024-06-14 08:00:00,20.2,65.9,16.7,628.2
2024-06-14 09:00:00,22.7,67.1,17.2,1025.0
2024-06-14 10:00:00,24.4,65.3,17.7,1346.0
2024-06-14 11:00:00,27.0,65.6,17.9,1365.1
2024-06-14 12:00:00,28.2,62.5,18.2,1557.8
2024-06-14 13:00:00,29.4,62.6,19.1,1427.8
2024-06-14 14:00:00,30.5,60.3,19.4,1324.5
2024-06-14 15:00:00,30.1,57.6,19.9,1083.1
2024-06-14 16:00:00,30.4,61.6,19.8,798.6
2024-06-14 17:00:00,28.7,60.1,20.3,376.8
2024-06-14 18:00:00,27.8,64.8,20.6,0.0
2024-06-14 19:00:00,27.1,61.1,20.7,0.0
2024-06-14 20:00:00,24.7,65.2,20.8,0.0
2024-06-14 21:00:00,22.5,68.8,20.6,0.0
2024-06-14 22:00:00,20.4,72.2,20.3,0.0
2024-06-14 23:00:00,19.4,70.5,19.8,0.0
2024-06-15 00:00:00,16.4,72.9,19.2,0.0
2024-06-15 01:00:00,15.8,74.4,19.1,0.0
2024-06-15 02:00:00,15.0,76.8,18.5,0.0
2024-06-15 03:00:00,15.1,75.5,18.1,0.0
2024-06-15 04:00:00,15.4,75.6,17.6,0.0
2024-06-15 05:00:00,16.5,76.3,17.3,0.0
2024-06-15 06:00:00,16.9,72.1,16.9,34.1
2024-06-15 07:00:00,18.8,70.6,16.6,385.0
2024-06-15 08:00:00,21.2,72.0,17.2,695.0
2024-06-15 09:00:00,23.4,68.5,17.2,1009.2
2024-06-15 10:00:00,25.0,63.6,17.3,1268.9
2024-06-15 11:00:00,26.5,63.0,17.8,1470.9
2024-06-15 12:00:00,28.4,62.7,18.3,1598.0
2024-06-15 13:00:00,28.7,62.2,18.8,1576.4
2024-06-15 14:00:00,31.1,59.8,19.2,1206.1
2024-06-15 15:00:00,30.2,59.3,19.8,1034.6
2024-06-15 16:00:00,28.9,59.1,20.3,704.6
2024-06-15 17:00:00,29.4,59.5,20.9,377.2
2024-06-15 18:00:00,28.6,62.3,20.8,51.9
2024-06-15 19:00:00,26.1,64.8,20.8,0.0
2024-06-15 20:00:00,24.9,67.3,20.8,0.0
2024-06-15 21:00:00,22.6,70.1,20.5,0.0
2024-06-15 22:00:00,21.2,68.2,20.1,0.0
2024-06-15 23:00:00,19.3,71.7,19.9,0.0
2024-06-16 00:00:00,17.9,77.1,19.7,0.0
2024-06-16 01:00:00,16.5,74.9,19.1,0.0
2024-06-16 02:00:00,15.6,77.5,18.5,0.0
2024-06-16 03:00:00,16.3,78.0,18.1,0.0
2024-06-16 04:00:00,15.9,76.9,17.6,0.0
2024-06-16 05:00:00,16.0,76.2,17.2,0.0
2024-06-16 06:00:00,17.6,73.4,16.8,6.1
2024-06-16 07:00:00,19.2,71.1,17.0,493.7
2024-06-16 08:00:00,21.1,67.5,16.8,797.1
2024-06-16 09:00:00,22.5,68.5,17.2,1114.8
2024-06-16 10:00:00,25.7,67.5,17.7,1279.4
2024-06-16 11:00:00,26.9,63.3,18.0,1350.6
2024-06-16 12:00:00,28.4,62.4,18.5,1531.2
2024-06-16 13:00:00,28.8,59.5,18.9,1442.2
2024-06-16 14:00:00,30.3,58.5,19.5,1342.1
2024-06-16 15:00:00,29.9,62.4,20.1,1069.9
2024-06-16 16:00:00,30.6,58.7,20.7,688.6
2024-06-16 17:00:00,29.5,62.7,20.7,278.8
2024-06-16 18:00:00,29.0,64.1,21.0,0.0
2024-06-16 19:00:00,27.0,64.8,20.9,0.0
2024-06-16 20:00:00,24.9,60.7,21.1,0.0
2024-06-16 21:00:00,22.8,68.5,20.8,0.0
2024-06-16 22:00:00,21.7,66.4,20.4,0.0
2024-06-16 23:00:00,19.4,70.1,20.1,0.0
2024-06-17 00:00:00,16.6,72.4,19.7,0.0
2024-06-17 01:00:00,16.8,75.5,19.0,0.0
2024-06-17 02:00:00,16.8,73.5,18.6,0.0
2024-06-17 03:00:00,15.2,76.8,18.1,0.0
2024-06-17 04:00:00,16.4,76.4,17.7,0.0
2024-06-17 05:00:00,16.5,72.2,17.3,0.0
2024-06-17 06:00:00,18.6,75.2,17.2,0.0
2024-06-17 07:00:00,19.0,71.2,16.9,299.0
2024-06-17 08:00:00,21.3,70.1,17.0,724.0
2024-06-17 09:00:00,23.2,67.1,17.1,1002.0
2024-06-17 10:00:00,24.7,65.0,17.9,1288.8
2024-06-17 11:00:00,27.0,61.8,18.1,1442.9
2024-06-17 12:00:00,28.4,62.5,18.4,1455.3
2024-06-17 13:00:00,29.5,58.4,19.1,1388.7
2024-06-17 14:00:00,30.2,59.0,19.7,1340.0
2024-06-17 15:00:00,30.6,59.2,19.8,1152.3
2024-06-17 16:00:00,30.3,60.8,20.3,770.8
2024-06-17 17:00:00,29.4,60.3,21.0,407.4
2024-06-17 18:00:00,28.8,61.7,20.6,0.0
2024-06-17 19:00:00,26.3,61.4,21.2,0.0
2024-06-17 20:00:00,24.7,64.9,21.1,0.0
2024-06-17 21:00:00,22.5,69.6,20.7,0.0
2024-06-17 22:00:00,21.9,70.1,20.6,0.0
2024-06-17 23:00:00,19.0,71.6,20.0,0.0
2024-06-18 00:00:00,17.6,72.6,19.7,0.0
2024-06-18 01:00:00,17.5,75.1,18.9,0.0
2024-06-18 02:00:00,16.5,76.8,18.5,0.0
2024-06-18 03:00:00,15.9,77.5,18.3,0.0
2024-06-18 04:00:00,16.0,76.7,17.5,0.0
2024-06-18 05:00:00,16.9,74.8,17.1,0.0
2024-06-18 06:00:00,17.9,74.4,17.3,10.7
2024-06-18 07:00:00,19.1,69.6,17.2,322.1
2024-06-18 08:00:00,20.8,71.6,17.3,708.6
2024-06-18 09:00:00,22.5,67.7,17.2,1071.3
2024-06-18 10:00:00,25.4,68.0,17.6,1291.8
2024-06-18 11:00:00,27.5,64.0,18.1,1370.4
2024-06-18 12:00:00,28.4,62.9,18.3,1475.1
2024-06-18 13:00:00,30.1,59.8,18.9,1447.4
2024-06-18 14:00:00,30.1,59.5,19.6,1383.1
2024-06-18 15:00:00,30.7,61.0,19.8,1170.8
2024-06-18 16:00:00,30.0,61.2,20.4,781.8
2024-06-18 17:00:00,29.5,58.7,20.8,436.8
2024-06-18 18:00:00,28.0,62.0,20.9,0.0
2024-06-18 19:00:00,28.6,64.9,20.8,0.0
2024-06-18 20:00:00,24.3,66.9,21.0,0.0
2024-06-18 21:00:00,23.3,68.9,20.9,0.0
2024-06-18 22:00:00,20.9,69.6,20.2,0.0
2024-06-18 23:00:00,19.1,73.4,20.1,0.0
2024-06-19 00:00:00,18.0,75.2,20.0,0.0
2024-06-19 01:00:00,17.2,74.8,19.4,0.0
2024-06-19 02:00:00,16.4,75.9,18.4,0.0
2024-06-19 03:00:00,15.3,76.3,18.1,0.0
2024-06-19 04:00:00,15.3,74.1,17.9,0.0
2024-06-19 05:00:00,17.6,72.2,17.3,0.0
2024-06-19 06:00:00,18.3,74.3,17.1,9.1
2024-06-19 07:00:00,20.0,72.9,17.1,401.7
2024-06-19 08:00:00,21.6,72.0,17.3,861.7
2024-06-19 09:00:00,23.1,69.5,17.4,1010.2
2024-06-19 10:00:00,25.3,67.2,17.7,1320.9
2024-06-19 11:00:00,26.5,64.0,18.1,1370.8
2024-06-19 12:00:00,27.8,61.9,18.8,1619.4
2024-06-19 13:00:00,29.9,59.6,19.2,1481.6
2024-06-19 14:00:00,31.9,59.0,19.6,1316.0
2024-06-19 15:00:00,30.2,60.9,20.2,1055.5
2024-06-19 16:00:00,30.8,58.5,20.5,774.1
2024-06-19 17:00:00,30.1,61.7,20.8,407.7
2024-06-19 18:00:00,28.7,61.5,21.2,30.8
2024-06-19 19:00:00,27.1,63.5,21.1,0.0
2024-06-19 20:00:00,24.8,65.6,21.1,0.0
2024-06-19 21:00:00,23.9,69.6,20.8,0.0
2024-06-19 22:00:00,21.9,69.6,20.5,0.0
2024-06-19 23:00:00,19.2,72.9,19.9,0.0
2024-06-20 00:00:00,18.6,75.9,19.5,0.0
2024-06-20 01:00:00,16.7,72.8,19.3,0.0
2024-06-20 02:00:00,16.0,75.9,18.9,0.0
2024-06-20 03:00:00,16.8,75.1,18.2,0.0
2024-06-20 04:00:00,15.8,78.2,17.9,0.0
2024-06-20 05:00:00,17.5,71.2,17.6,0.0
2024-06-20 06:00:00,18.0,74.5,17.6,67.4
2024-06-20 07:00:00,19.8,72.0,17.2,313.8
2024-06-20 08:00:00,21.2,73.8,17.4,800.2
2024-06-20 09:00:00,22.9,68.8,17.3,899.8
2024-06-20 10:00:00,25.2,63.2,17.9,1241.1
2024-06-20 11:00:00,27.3,64.7,18.2,1488.1
2024-06-20 12:00:00,29.1,63.2,18.7,1546.6
2024-06-20 13:00:00,29.7,61.5,19.2,1461.9
2024-06-20 14:00:00,31.4,60.4,19.6,1292.6
2024-06-20 15:00:00,30.9,59.6,20.0,978.6
2024-06-20 16:00:00,30.4,59.8,20.6,769.4
2024-06-20 17:00:00,30.1,61.1,21.2,382.3
2024-06-20 18:00:00,29.0,65.2,21.2,0.0
2024-06-20 19:00:00,27.3,64.0,21.1,0.0
2024-06-20 20:00:00,25.7,65.0,21.4,0.0
2024-06-20 21:00:00,24.1,68.0,20.9,0.0
2024-06-20 22:00:00,22.2,69.1,20.8,0.0
2024-06-20 23:00:00,19.4,71.3,20.2,0.0
2024-06-21 00:00:00,18.9,73.0,19.9,0.0
2024-06-21 01:00:00,16.5,72.4,19.2,0.0
2024-06-21 02:00:00,16.7,77.2,18.4,0.0
2024-06-21 03:00:00,15.7,75.1,18.3,0.0
2024-06-21 04:00:00,15.8,76.1,17.8,0.0
2024-06-21 05:00:00,16.9,74.9,17.4,0.0
2024-06-21 06:00:00,18.3,71.2,17.3,24.3
2024-06-21 07:00:00,19.2,72.1,17.0,405.3
2024-06-21 08:00:00,21.1,69.3,17.5,809.2
2024-06-21 09:00:00,23.3,68.4,17.6,984.6
2024-06-21 10:00:00,25.6,68.2,18.0,1248.9
2024-06-21 11:00:00,27.0,65.2,18.3,1491.7
2024-06-21 12:00:00,29.5,60.8,18.9,1481.8
2024-06-21 13:00:00,29.1,61.6,19.2,1523.8
2024-06-21 14:00:00,30.1,60.6,19.5,1219.9
2024-06-21 15:00:00,30.8,60.7,20.0,1123.1
2024-06-21 16:00:00,30.8,60.1,20.5,788.0
2024-06-21 17:00:00,29.7,61.3,20.8,556.6
2024-06-21 18:00:00,28.1,60.4,21.4,41.9
2024-06-21 19:00:00,27.6,65.3,21.4,0.0
2024-06-21 20:00:00,26.0,66.8,21.2,0.0
2024-06-21 21:00:00,24.4,66.9,20.8,0.0
2024-06-21 22:00:00,21.8,71.0,20.6,0.0
2024-06-21 23:00:00,19.3,75.5,20.4,0.0
2024-06-22 00:00:00,18.3,74.3,19.7,0.0
2024-06-22 01:00:00,16.3,75.5,19.2,0.0
2024-06-22 02:00:00,16.1,78.3,18.7,0.0
2024-06-22 03:00:00,16.2,76.1,18.2,0.0
2024-06-22 04:00:00,16.9,74.8,17.8,0.0
2024-06-22 05:00:00,17.0,73.7,17.8,0.0
2024-06-22 06:00:00,18.6,74.2,17.5,0.0
2024-06-22 07:00:00,19.8,71.2,17.3,416.9
2024-06-22 08:00:00,21.7,66.5,17.3,740.1
2024-06-22 09:00:00,23.6,68.0,17.7,1115.8
2024-06-22 10:00:00,25.9,67.0,17.9,1285.4
2024-06-22 11:00:00,27.9,61.3,18.3,1448.3
2024-06-22 12:00:00,29.0,62.2,18.9,1502.6
2024-06-22 13:00:00,30.2,63.8,19.5,1412.6
2024-06-22 14:00:00,30.8,61.5,19.7,1332.6
2024-06-22 15:00:00,31.4,60.5,20.3,1107.8
2024-06-22 16:00:00,30.7,61.5,20.7,879.5
2024-06-22 17:00:00,30.8,59.2,21.2,422.8
2024-06-22 18:00:00,29.0,65.1,21.4,155.0
2024-06-22 19:00:00,27.2,63.9,21.5,0.0
2024-06-22 20:00:00,25.7,66.5,21.0,0.0
2024-06-22 21:00:00,23.5,68.1,20.9,0.0
2024-06-22 22:00:00,22.1,71.7,20.7,0.0
2024-06-22 23:00:00,20.9,71.2,20.3,0.0
2024-06-23 00:00:00,17.5,75.4,19.7,0.0
2024-06-23 01:00:00,17.5,78.2,19.4,0.0
2024-06-23 02:00:00,16.9,78.0,18.8,0.0
2024-06-23 03:00:00,15.8,76.9,18.3,0.0
2024-06-23 04:00:00,15.8,73.9,18.3,0.0
2024-06-23 05:00:00,17.0,76.0,17.8,0.0
2024-06-23 06:00:00,18.0,71.9,17.6,0.0
2024-06-23 07:00:00,20.3,69.7,17.2,330.2
2024-06-23 08:00:00,22.7,69.8,17.4,701.2
2024-06-23 09:00:00,24.4,66.6,17.7,1062.9
2024-06-23 10:00:00,26.4,63.1,17.9,1397.5
2024-06-23 11:00:00,27.1,64.6,18.4,1483.6
2024-06-23 12:00:00,28.8,59.9,19.0,1516.7
2024-06-23 13:00:00,29.8,61.4,19.4,1445.9
2024-06-23 14:00:00,31.5,61.4,19.9,1306.3
2024-06-23 15:00:00,31.2,61.8,20.4,1053.8
2024-06-23 16:00:00,30.8,62.1,21.1,748.5
2024-06-23 17:00:00,30.7,59.0,21.4,426.4
2024-06-23 18:00:00,30.0,62.0,21.4,61.3
2024-06-23 19:00:00,28.0,64.2,21.5,0.0
2024-06-23 20:00:00,25.6,66.7,21.6,0.0
2024-06-23 21:00:00,23.6,65.8,20.9,0.0
2024-06-23 22:00:00,22.2,68.3,20.7,0.0
2024-06-23 23:00:00,19.3,71.8,20.2,0.0
2024-06-24 00:00:00,18.9,76.6,20.1,0.0
2024-06-24 01:00:00,16.0,77.8,19.3,0.0
2024-06-24 02:00:00,16.9,75.4,19.1,0.0
2024-06-24 03:00:00,16.9,75.8,18.5,0.0
2024-06-24 04:00:00,16.6,75.8,18.1,0.0
2024-06-24 05:00:00,17.7,74.2,17.6,0.0
2024-06-24 06:00:00,18.3,71.7,17.6,98.0
2024-06-24 07:00:00,19.7,71.0,17.4,412.7
2024-06-24 08:00:00,22.1,70.8,17.3,690.5
2024-06-24 09:00:00,23.5,66.4,17.7,1028.4
2024-06-24 10:00:00,25.4,64.5,17.9,1265.3
2024-06-24 11:00:00,27.6,64.7,18.4,1577.9
2024-06-24 12:00:00,27.9,59.4,18.7,1434.6
2024-06-24 13:00:00,29.8,59.7,19.5,1428.9
2024-06-24 14:00:00,31.2,59.4,20.0,1284.5
2024-06-24 15:00:00,31.5,58.4,20.3,1040.2
2024-06-24 16:00:00,31.1,56.7,20.9,773.9
2024-06-24 17:00:00,30.5,61.4,21.4,331.6
2024-06-24 18:00:00,29.2,63.0,21.3,0.0
2024-06-24 19:00:00,27.2,63.0,21.6,0.0
2024-06-24 20:00:00,24.4,68.0,21.5,0.0
2024-06-24 21:00:00,23.0,67.0,21.1,0.0
2024-06-24 22:00:00,21.5,70.3,20.8,0.0
2024-06-24 23:00:00,21.5,70.8,20.4,0.0
2024-06-25 00:00:00,18.5,73.8,19.9,0.0
2024-06-25 01:00:00,17.4,71.9,19.5,0.0
2024-06-25 02:00:00,16.9,78.3,19.0,0.0
2024-06-25 03:00:00,16.9,75.4,18.3,0.0
2024-06-25 04:00:00,17.3,76.1,18.3,0.0
2024-06-25 05:00:00,16.5,80.8,17.9,0.0
2024-06-25 06:00:00,18.3,71.1,17.4,0.0
2024-06-25 07:00:00,19.6,71.4,17.6,452.6
2024-06-25 08:00:00,22.0,68.3,17.8,703.8
2024-06-25 09:00:00,24.1,66.6,17.9,977.0
2024-06-25 10:00:00,26.0,66.2,18.1,1251.6
2024-06-25 11:00:00,28.0,64.9,18.3,1367.2
2024-06-25 12:00:00,28.2,61.8,18.9,1542.2
2024-06-25 13:00:00,30.8,60.7,19.5,1514.8
2024-06-25 14:00:00,31.0,59.2,20.0,1236.2
2024-06-25 15:00:00,31.5,60.6,20.6,1044.7
2024-06-25 16:00:00,31.6,61.0,21.3,758.6
2024-06-25 17:00:00,31.0,57.0,21.0,442.0
2024-06-25 18:00:00,29.2,64.0,21.4,38.0
2024-06-25 19:00:00,27.5,63.3,21.4,0.0
2024-06-25 20:00:00,26.3,67.1,21.4,0.0
2024-06-25 21:00:00,23.6,67.0,21.1,0.0
2024-06-25 22:00:00,22.8,69.2,20.8,0.0
2024-06-25 23:00:00,19.4,71.9,20.4,0.0
2024-06-26 00:00:00,18.5,69.7,20.2,0.0
2024-06-26 01:00:00,17.9,76.1,19.5,0.0
2024-06-26 02:00:00,16.6,77.0,19.2,0.0
2024-06-26 03:00:00,16.1,72.9,18.7,0.0
2024-06-26 04:00:00,16.5,75.0,17.8,0.0
2024-06-26 05:00:00,17.6,76.2,17.8,0.0
2024-06-26 06:00:00,18.7,71.1,17.6,79.2
2024-06-26 07:00:00,21.0,73.3,17.7,382.6
2024-06-26 08:00:00,21.1,70.5,17.7,772.5
2024-06-26 09:00:00,24.9,68.2,18.0,1048.6
2024-06-26 10:00:00,25.8,67.1,18.2,1250.3
2024-06-26 11:00:00,27.7,64.5,18.7,1448.0
2024-06-26 12:00:00,28.8,61.0,18.8,1410.9
2024-06-26 13:00:00,30.6,61.3,19.7,1428.4
2024-06-26 14:00:00,30.5,58.8,19.7,1266.5
2024-06-26 15:00:00,32.1,57.2,20.5,1010.4
2024-06-26 16:00:00,31.5,61.2,20.9,708.5
2024-06-26 17:00:00,30.5,62.1,21.2,404.2
2024-06-26 18:00:00,29.2,61.2,21.6,0.0
2024-06-26 19:00:00,27.7,63.2,21.9,0.0
2024-06-26 20:00:00,25.5,67.2,21.2,0.0
2024-06-26 21:00:00,23.8,66.1,21.4,0.0
2024-06-26 22:00:00,23.0,68.9,21.2,0.0
2024-06-26 23:00:00,19.7,70.4,20.7,0.0
2024-06-27 00:00:00,19.0,71.3,20.1,0.0
2024-06-27 01:00:00,19.0,76.8,19.6,0.0
2024-06-27 02:00:00,17.5,74.6,19.3,0.0
2024-06-27 03:00:00,16.7,74.7,18.9,0.0
2024-06-27 04:00:00,17.3,77.5,18.1,0.0
2024-06-27 05:00:00,18.7,75.4,18.2,0.0
2024-06-27 06:00:00,19.2,75.8,17.8,0.0
2024-06-27 07:00:00,21.3,70.5,17.6,423.0
2024-06-27 08:00:00,22.1,71.2,17.6,805.4
2024-06-27 09:00:00,23.7,71.5,18.0,991.6
2024-06-27 10:00:00,26.6,65.9,18.5,1266.7
2024-06-27 11:00:00,27.8,64.1,18.8,1340.5
2024-06-27 12:00:00,28.9,61.7,18.7,1493.0
2024-06-27 13:00:00,29.4,61.2,19.7,1442.9
2024-06-27 14:00:00,31.5,58.8,20.2,1361.2
2024-06-27 15:00:00,32.1,62.0,20.7,1174.2
2024-06-27 16:00:00,32.2,57.4,20.7,725.7
2024-06-27 17:00:00,30.4,58.9,21.5,326.2
2024-06-27 18:00:00,28.3,59.7,21.5,33.6
2024-06-27 19:00:00,28.3,63.2,21.6,0.0
2024-06-27 20:00:00,26.2,63.3,21.3,0.0
2024-06-27 21:00:00,24.1,69.5,21.2,0.0
2024-06-27 22:00:00,22.9,71.3,20.9,0.0
2024-06-27 23:00:00,20.8,69.7,20.5,0.0
2024-06-28 00:00:00,18.8,74.6,20.1,0.0
2024-06-28 01:00:00,17.1,75.8,19.6,0.0
2024-06-28 02:00:00,17.2,77.8,19.2,0.0
2024-06-28 03:00:00,17.4,79.2,18.7,0.0
2024-06-28 04:00:00,17.0,76.1,18.4,0.0
2024-06-28 05:00:00,18.5,74.3,17.9,0.0
2024-06-28 06:00:00,18.7,75.8,18.0,129.5
2024-06-28 07:00:00,20.1,69.9,17.5,381.2
2024-06-28 08:00:00,22.7,71.2,17.6,760.7
2024-06-28 09:00:00,24.3,66.8,18.0,1067.4
2024-06-28 10:00:00,25.6,66.7,18.5,1367.5
2024-06-28 11:00:00,28.4,63.8,18.8,1390.6
2024-06-28 12:00:00,29.3,61.4,19.1,1604.0
2024-06-28 13:00:00,30.0,62.7,19.6,1459.3
2024-06-28 14:00:00,30.9,58.4,20.1,1252.6
2024-06-28 15:00:00,31.7,62.4,20.6,1069.2
2024-06-28 16:00:00,31.5,59.8,21.0,778.5
2024-06-28 17:00:00,30.3,57.3,21.5,384.1
2024-06-28 18:00:00,30.0,61.0,21.8,73.9
2024-06-28 19:00:00,28.6,64.9,21.6,0.0
2024-06-28 20:00:00,26.8,66.6,21.4,0.0
2024-06-28 21:00:00,24.6,65.3,21.4,0.0
2024-06-28 22:00:00,21.7,72.8,21.2,0.0
2024-06-28 23:00:00,20.8,70.1,20.9,0.0
2024-06-29 00:00:00,18.8,71.7,20.4,0.0
2024-06-29 01:00:00,17.8,74.7,19.8,0.0
2024-06-29 02:00:00,17.1,76.1,19.5,0.0
2024-06-29 03:00:00,16.9,75.1,19.1,0.0
2024-06-29 04:00:00,17.5,78.6,18.3,0.0
2024-06-29 05:00:00,18.4,75.5,17.9,0.0
2024-06-29 06:00:00,19.5,75.1,17.9,105.2
2024-06-29 07:00:00,21.1,73.5,17.8,462.4
2024-06-29 08:00:00,23.0,68.2,17.8,756.4
2024-06-29 09:00:00,24.9,69.4,18.1,1104.0
2024-06-29 10:00:00,27.0,61.4,18.3,1263.0
2024-06-29 11:00:00,28.3,62.3,18.5,1451.9
2024-06-29 12:00:00,30.4,61.8,19.5,1499.2
2024-06-29 13:00:00,30.1,60.2,19.6,1435.7
2024-06-29 14:00:00,31.0,61.5,20.4,1357.4
2024-06-29 15:00:00,30.9,57.8,20.9,1046.3
2024-06-29 16:00:00,31.2,58.0,21.0,676.7
2024-06-29 17:00:00,29.7,59.8,21.7,360.7
2024-06-29 18:00:00,29.9,60.1,21.6,0.0
2024-06-29 19:00:00,27.0,64.9,21.8,0.0
2024-06-29 20:00:00,26.5,66.5,21.7,0.0
2024-06-29 21:00:00,24.4,65.2,21.3,0.0
2024-06-29 22:00:00,23.0,72.6,21.0,0.0
2024-06-29 23:00:00,21.1,72.2,20.8,0.0
2024-06-30 00:00:00,19.2,76.3,20.2,0.0
2024-06-30 01:00:00,17.8,77.3,19.7,0.0
2024-06-30 02:00:00,18.0,78.9,19.1,0.0
2024-06-30 03:00:00,17.2,74.2,18.6,0.0
2024-06-30 04:00:00,17.3,73.3,18.3,0.0
2024-06-30 05:00:00,18.9,75.6,18.3,0.0
2024-06-30 06:00:00,19.7,74.0,17.9,0.0
2024-06-30 07:00:00,20.5,70.6,17.9,457.1
2024-06-30 08:00:00,22.7,69.6,18.2,809.3
2024-06-30 09:00:00,25.0,69.1,17.9,1107.2
2024-06-30 10:00:00,26.6,68.4,18.5,1354.6
2024-06-30 11:00:00,28.9,63.0,19.0,1349.6
2024-06-30 12:00:00,29.5,63.4,19.1,1338.8
2024-06-30 13:00:00,30.5,61.8,19.9,1491.7
2024-06-30 14:00:00,31.6,57.5,20.4,1399.0
2024-06-30 15:00:00,31.5,59.8,20.9,1050.3
2024-06-30 16:00:00,31.5,60.5,21.4,886.7
2024-06-30 17:00:00,30.8,58.6,21.4,327.0
2024-06-30 18:00:00,30.5,63.4,21.7,86.8
2024-06-30 19:00:00,27.2,63.3,22.0,0.0
2024-06-30 20:00:00,27.1,67.1,21.7,0.0
2024-06-30 21:00:00,25.2,68.5,21.1,0.0
2024-06-30 22:00:00,22.9,68.3,21.3,0.0
2024-06-30 23:00:00,20.8,72.3,20.9,0.0
