样方号,物种,株数,胸径,盖度
Q1,油松,16,21.5,55.9
Q1,辽东栎,10,17.2,41.3
Q1,山杏,5,10.4,29.1
Q1,胡枝子,4,,4.0
Q1,披针苔草,6,,5.0
Q1,蒿类,3,,2.5
Q2,油松,14,20.8,54.1
Q2,辽东栎,12,18.1,43.4
Q2,山杏,6,11.1,31.1
Q2,胡枝子,5,,7.0
Q2,披针苔草,7,,9.2
Q2,蒿类,4,,6.3
Q3,油松,12,19.6,51.0
Q3,辽东栎,13,18.9,45.4
Q3,山杏,8,11.8,33.0
Q3,胡枝子,6,,10.0
Q3,披针苔草,8,,13.4
Q3,蒿类,5,,10.1
Q4,油松,11,18.9,49.1
Q4,辽东栎,14,19.5,46.8
Q4,山杏,9,12.4,34.7
Q4,胡枝子,8,,13.0
Q4,披针苔草,10,,17.6
Q4,蒿类,6,,13.9
Q5,油松,9,17.4,45.2
Q5,辽东栎,12,18.3,43.9
Q5,山杏,11,13.1,36.7
Q5,胡枝子,10,,16.0
Q5,披针苔草,13,,21.8
Q5,蒿类,8,,17.7
Q6,油松,7,16.2,42.1
Q6,辽东栎,10,16.8,40.3
Q6,山杏,12,13.6,38.1
Q6,胡枝子,12,,19.0
Q6,披针苔草,15,,26.0
Q6,蒿类,10,,21.5
Q7,油松,6,15.1,39.3
Q7,辽东栎,8,15.4,37.0
Q7,山杏,11,12.9,36.1
Q7,胡枝子,14,,22.0
Q7,披针苔草,18,,30.2
Q7,蒿类,12,,25.3
Q8,油松,5,14.3,37.2
Q8,辽东栎,7,14.1,33.8
Q8,山杏,9,12.1,33.9
Q8,胡枝子,15,,25.0
Q8,披针苔草,21,,34.4
Q8,蒿类,15,,29.1
Q9,油松,4,13.2,34.3
Q9,辽东栎,5,12.6,30.2
Q9,山杏,7,11.2,31.4
Q9,胡枝子,13,,28.0
Q9,披针苔草,24,,38.6
Q9,蒿类,18,,32.9
Q10,油松,3,12.1,31.5
Q10,辽东栎,4,11.2,26.9
Q10,山杏,5,10.3,28.8
Q10,胡枝子,11,,31.0
Q10,披针苔草,26,,42.8
Q10,蒿类,21,,36.7
Q11,油松,2,10.8,28.1
Q11,辽东栎,3,9.8,23.5
Q11,山杏,4,9.4,26.3
Q11,胡枝子,8,,34.0
Q11,披针苔草,22,,47.0
Q11,蒿类,24,,40.5
Q12,油松,1,9.6,25.0
Q12,辽东栎,2,8.5,20.4
Q12,山杏,3,8.6,24.1
Q12,胡枝子,6,,37.0
Q12,披针苔草,18,,51.2
Q12,蒿类,27,,44.3
